Country,Education_Level,Actual,Predicted
Germany,Secondary,74.0,74.86666666666666
Germany,Primary,57.0,59.233333333333334
India,Primary,52.3,52.69999999999999
UK,Tertiary,89.9,88.89999999999998
